id,name,feature,lat,lon,nearest_node
0,横浜すみれが丘郵便局,post_office,35.5656004,139.5810522,2187246414
1,横浜センター北駅前郵便局,post_office,35.553232,139.5778401,10712492257
2,ヨークフーズ,supermarket,35.5648367,139.5843071,3803654352
3,マルエツ,supermarket,35.5638119,139.5701832,10732935709
4,AOKI,clothes,35.5611952,139.5801688,1303245512
5,江戸前びっくり寿司,restaurant,35.5560047,139.577823,9983573509
6,しゃぶしゃぶ 木曽路,restaurant,35.5569178,139.5788174,10721114732
7,かに料理 横浜甲羅本店,restaurant,35.5575546,139.5777957,1728170096
8,まいばすけっと,supermarket,35.5628043,139.5701188,2555365272
9,横浜キャンパス図書館,library,35.5617244,139.5752785,7368660671
10,学生食堂,restaurant,35.561503,139.5742961,2616953964
11,学生ホール,cafe,35.5613973,139.5745311,2616953964
12,都筑阪急,mall,35.5550704,139.5775365,8411280138
13,CAFE LEXCEL,cafe,35.5536904,139.5792721,10624985150
14,スターバックス,cafe,35.5545684,139.5781306,8411280183
15,本格焼肉 ふくひろ亭,restaurant,35.5621863,139.5726205,1303244922
16,季節料理 喜多川,restaurant,35.5630755,139.5700014,9933290458
17,ラーメン なかがわ亭,restaurant,35.5630536,139.5700376,9933290458
18,中華料理 博,restaurant,35.5635086,139.5693222,2555242407
19,Atelier KiD,clothes,35.5622048,139.5721578,1704650216
20,BAR DE ESPANA Zorro,restaurant,35.5641324,139.5698356,2587567965
21,リンガーハット,restaurant,35.5657488,139.5759926,6394962503
22,焼肉市場 げんかや,restaurant,35.5582658,139.578773,1704577713
23,究極ラーメン 横濱家,restaurant,35.565627,139.5761522,6394962503
24,サイゼリヤ,restaurant,35.5549543,139.5781411,2639302690
25,老麺魂,restaurant,35.563505,139.5837442,7369033922
26,RADIKA,restaurant,35.563478,139.5840909,7369033922
27,ベンチライブラリー,library,35.55509,139.5754135,6452247824
28,JA横浜ハマッ子直売所,supermarket,35.5534943,139.5799692,6452362832
29,コメダ珈琲店,cafe,35.5536686,139.5781916,10624985151
30,東急ストア,supermarket,35.5535716,139.5780132,2637060681
31,まいばすけっと,supermarket,35.5554635,139.582406,10721102930
32,かまめし・くしやき 木の香（きのか）,restaurant,35.562042,139.5696111,2626055007
33,相鉄ローゼン,supermarket,35.5547887,139.5779843,2639302690
34,ラ・オハナ,restaurant,35.5536499,139.5759337,10712492269
35,大観覧車,attraction,35.5548736,139.5783437,2639302690
36,ブックファースト,books,35.5552227,139.5777452,10723483823
37,エディオン,electronics,35.5551354,139.5777201,10723483823
38,モーリーファンタジー,playground,35.5549914,139.5776862,8411280138
39,H&M,clothes,35.5551689,139.5773607,10723483823
40,ドトールコーヒーショップ,cafe,35.5664661,139.5748405,2187246625
41,ITS'DEMO,clothes,35.5534845,139.5784906,10624985148
42,まいばすけっと,supermarket,35.5634297,139.5696969,10732935708
43,エビン,restaurant,35.5621759,139.569762,2626055007
44,こめいろ,restaurant,35.5626447,139.5728569,2587513272
45,シェアリーカフェ,cafe,35.5628572,139.5718655,2587513282
46,集う人達,artwork,35.5627235,139.570135,2555365272
47,じげもんちゃんぽん,restaurant,35.5550931,139.57918,10721114682
48,喜多川,restaurant,35.5631058,139.5699627,9933290458
49,麺屋空海 センター北店,restaurant,35.5538133,139.5780571,8411280185
50,ドトールコーヒーショップ,cafe,35.5540032,139.578182,8411280183
51,ゆかりな,restaurant,35.5537354,139.5780077,8411280185
52,田園食堂うめや,restaurant,35.5535013,139.5688852,730906859
53,太風心風鳳,restaurant,35.5537695,139.5686445,10732733201
54,木かふぇ,cafe,35.5537393,139.5686549,10732733201
55,お好み焼き 杏子,restaurant,35.5554028,139.5795252,8411254516
56,燻製ダイニング 煙ぷらす,restaurant,35.5554542,139.5801565,10721114668
57,太陽の鳥,restaurant,35.5547487,139.5791582,8411254515
58,牛久保公園,park,35.55955351,139.5803416,5228128328
59,川崎市立西有馬小学校,school,35.57160986,139.5765016,1302821664
60,川崎市立有馬中学校,school,35.57113804,139.5774043,1302821664
61,モザイクモール港北,mall,35.55495568,139.5779363,2639302690
62,あいたい,mall,35.55359757,139.5780477,8411280185
63,東京都市大学,university,35.56113212,139.5756784,13403237136
64,横浜市立北山田小学校,school,35.56477983,139.5858668,2187246370
65,横浜市立都筑小学校,school,35.55667839,139.5747796,10730038661
66,横浜市立中川西小学校,school,35.5601957,139.5689502,6437962852
67,横浜市立牛久保小学校,school,35.55934949,139.5819938,1767739968
68,Yotsubako,mall,35.55366969,139.57913,10624985150
69,牛久保西公園,park,35.55902949,139.5778765,7099852153
70,センター北駅前交番,police,35.5542004,139.5778476,1617305645
71,センター北広場,park,35.55441107,139.5790172,8411254515
72,中川駅前郵便局,post_office,35.56291454,139.5703711,7368660737
73,中川駅前交番,police,35.56289411,139.5704756,1704650319
74,和食れすとらん 天狗,restaurant,35.56258639,139.5695312,7368660723
75,プレミア ヨコハマ,mall,35.55494313,139.5793008,8411254515
76,山崎公園,park,35.55908106,139.5700692,5406585797
77,JASMIN,hospital,35.56282706,139.5691914,7368660723
78,牛久保西すずらん公園,park,35.55784366,139.5801899,1704577740
79,牛久保あやめ公園,park,35.56317734,139.5775581,7368658444
80,牛久保西ひかりがおか公園,park,35.56427124,139.5720437,6452310341
81,横浜市立すみれが丘小学校,school,35.56598146,139.5801585,2187246410
82,大谷家,restaurant,35.5629012,139.5724454,2587513285
83,牛久保東さくらんぼ公園,park,35.55301084,139.5822384,1728169953
84,すみれが丘公園,park,35.56598652,139.5845488,3800772443
85,横浜市立中川西中学校,school,35.56203254,139.5654312,6534663635
86,すみれが丘第二公園,park,35.5668746,139.5789264,1303152408
87,烏山公園,park,35.56369947,139.5676879,6452310359
88,宿之入公園,park,35.56244473,139.5667237,6534663632
89,牛久保こすもす公園,playground,35.56216379,139.5820758,1303245549
90,ヴィーノヴィーノ,restaurant,35.56319513,139.5805751,1303245638
91,北山田かくれんぼ公園,playground,35.56541078,139.5877,10803856438
92,ジョリーパスタ,restaurant,35.56155154,139.5868916,10736725949
93,あゆみが丘公園,park,35.56862533,139.5659083,7924959775
94,和幸,restaurant,35.56761474,139.5662171,7924960097
95,徳生公園,park,35.5546714,139.5865791,3732569009
96,新石川四丁目公園,park,35.57037895,139.5655302,908108531
97,牛久保のぞみがおか公園,park,35.56846877,139.5742323,2187247066
98,中川八幡山公園,park,35.55446338,139.5708753,9983566999
99,中川なでしこ公園,park,35.55370968,139.5744089,2039372133
100,中川ききょう公園,park,35.55680871,139.5727575,9983573438
101,中川ゆめみがおか公園,park,35.56082589,139.5661684,1484203720
102,北山田おにごっこ公園,park,35.56704054,139.5877701,2187246561
103,北山田しゃぼんだま公園,park,35.56029985,139.5881599,2261866976
104,北山田じゃんけん公園,park,35.5611028,139.5851806,1303245745
105,すみれが丘第三公園,park,35.56621366,139.578042,7366851996
106,すみれが丘第四公園,park,35.56819685,139.5766024,7049432086
107,すみれが丘第五公園,park,35.56683845,139.57546,1303151801
108,有馬梅林公園,park,35.56995578,139.5796768,9269422096
109,有馬もみの木公園,park,35.56907036,139.5816768,2187247134
110,有馬やまもも公園,park,35.568684,139.5838402,9269585410
111,焼肉きんぐ,restaurant,35.56706999,139.5749595,7366852030
112,おあしすぽけっと,playground,35.55424549,139.580929,10310178229
